,name_x,isdead_bk,ismale,book1,book2,book3,book4,book5,isalivemother_bk,isalivefather_bk,isaliveheir_bk,isalivespouse_bk,ismarried_bk,isnoble_bk,booldeadrelations_bk,ispopular_bk,death_bk,apperance_chp,hasmom_bk,hasdad_bk,hasheir_bk,hasspouse_bk,age_bk,numdeadrelations_bk,popularity_bk,culture_bk,house_bk,name_y,isdead_shw,death_season,time_s1,time_s2,time_s3,time_s4,total_episode_num,season1,season2,season3,season4,house_shw,age_shw,match_name,culture_bk[T.Astap],culture_bk[T.Braav],culture_bk[T.Crann],culture_bk[T.Dorni],culture_bk[T.Dothr],culture_bk[T.Free ],culture_bk[T.Ghisc],culture_bk[T.Ironb],culture_bk[T.Ironm],culture_bk[T.Lhaza],culture_bk[T.Lysen],culture_bk[T.Myris],culture_bk[T.Naath],culture_bk[T.None],culture_bk[T.North],culture_bk[T.Pento],culture_bk[T.Qarth],culture_bk[T.Reach],culture_bk[T.River],culture_bk[T.Storm],culture_bk[T.The R],culture_bk[T.Tyros],culture_bk[T.Valem],culture_bk[T.Valyr],culture_bk[T.Weste],culture_bk[T.Wildl],house_bk[T.BROTHERHOOD WITHOUT BANNERS],house_bk[T.HOUSE ARRYN],house_bk[T.HOUSE BAELISH],house_bk[T.HOUSE BARATHEON],house_bk[T.HOUSE BOLTON],house_bk[T.HOUSE CLEGANE],house_bk[T.HOUSE FREY],house_bk[T.HOUSE GREYJOY],house_bk[T.HOUSE LANNISTER],house_bk[T.HOUSE MARTELL],house_bk[T.HOUSE STARK],house_bk[T.HOUSE TARGARYEN],house_bk[T.HOUSE TULLY],house_bk[T.HOUSE TYRELL],house_bk[T.NIGHTS WATCH],house_bk[T.OTHER],house_bk[T.UNKNOWN],house_shw[T.House Bolton],house_shw[T.House Greyjoy],house_shw[T.House Lannister],house_shw[T.House Stark],house_shw[T.House Targaryen],house_shw[T.Nights Watch],house_shw[T.None],house_shw[T.Other]
0,Alliser Thorne,0,1,1,1,1,1,1,,,,,0.0,1,0.0,0.0,,19.0,0,0,0,0,33.0,0.0,0.23076923076923,None,OTHER,Alliser Thorne,1,6.0,463,0,0,694,9,1,0,0,1,Nights Watch,27.0,Alliser Thorne,0.0,0.0,0.0,0.0,0.0,0.0,0.0,0.0,0.0,0.0,0.0,0.0,0.0,1.0,0.0,0.0,0.0,0.0,0.0,0.0,0.0,0.0,0.0,0.0,0.0,0.0,0.0,0.0,0.0,0.0,0.0,0.0,0.0,0.0,0.0,0.0,0.0,0.0,0.0,0.0,0.0,1.0,0.0,0.0,0.0,0.0,0.0,0.0,1.0,0.0,0.0
1,Alysane Mormont,0,0,0,0,0,1,1,,,,,0.0,0,0.0,0.0,,35.0,0,0,0,0,32.0,0.0,0.0702341137123745,North,OTHER,Tormund Giantsbane,0,,0,0,627,519,12,0,0,1,1,Other,27.0,Alysane Mormont,0.0,0.0,0.0,0.0,0.0,0.0,0.0,0.0,0.0,0.0,0.0,0.0,0.0,0.0,1.0,0.0,0.0,0.0,0.0,0.0,0.0,0.0,0.0,0.0,0.0,0.0,0.0,0.0,0.0,0.0,0.0,0.0,0.0,0.0,0.0,0.0,0.0,0.0,0.0,0.0,0.0,1.0,0.0,0.0,0.0,0.0,0.0,0.0,0.0,0.0,1.0
2,Amory Lorch,1,1,1,1,1,1,1,,,,,0.0,1,0.0,0.0,2.0,14.0,0,0,0,0,33.0,0.0,0.277591973244147,None,OTHER,Amory Lorch,1,2.0,0,268,0,0,4,0,1,0,0,House Lannister,27.0,Amory Lorch,0.0,0.0,0.0,0.0,0.0,0.0,0.0,0.0,0.0,0.0,0.0,0.0,0.0,1.0,0.0,0.0,0.0,0.0,0.0,0.0,0.0,0.0,0.0,0.0,0.0,0.0,0.0,0.0,0.0,0.0,0.0,0.0,0.0,0.0,0.0,0.0,0.0,0.0,0.0,0.0,0.0,1.0,0.0,0.0,0.0,1.0,0.0,0.0,0.0,0.0,0.0
3,Anguy,0,1,1,0,1,1,0,,,,,0.0,0,0.0,0.0,,30.0,0,0,0,0,33.0,0.0,0.130434782608695,None,BROTHERHOOD WITHOUT BANNERS,Anguy,0,,0,0,444,0,6,0,0,1,0,Other,27.0,Anguy,0.0,0.0,0.0,0.0,0.0,0.0,0.0,0.0,0.0,0.0,0.0,0.0,0.0,1.0,0.0,0.0,0.0,0.0,0.0,0.0,0.0,0.0,0.0,0.0,0.0,0.0,1.0,0.0,0.0,0.0,0.0,0.0,0.0,0.0,0.0,0.0,0.0,0.0,0.0,0.0,0.0,0.0,0.0,0.0,0.0,0.0,0.0,0.0,0.0,0.0,1.0
4,Arya Stark,0,0,1,1,1,1,1,,,,,0.0,1,1.0,1.0,,2.0,0,0,0,0,16.0,8.0,1.0,North,HOUSE STARK,Arya Stark,0,,2027,2286,1698,1555,33,1,1,1,1,House Stark,15.0,Arya Stark,0.0,0.0,0.0,0.0,0.0,0.0,0.0,0.0,0.0,0.0,0.0,0.0,0.0,0.0,1.0,0.0,0.0,0.0,0.0,0.0,0.0,0.0,0.0,0.0,0.0,0.0,0.0,0.0,0.0,0.0,0.0,0.0,0.0,0.0,0.0,0.0,1.0,0.0,0.0,0.0,0.0,0.0,0.0,0.0,0.0,0.0,1.0,0.0,0.0,0.0,0.0
5,Balon Greyjoy,1,1,0,0,0,0,0,,0.0,1.0,,0.0,0,1.0,1.0,,23.0,0,1,1,0,33.0,4.0,0.739130434782608,None,UNKNOWN,Balon Greyjoy,1,6.0,0,341,137,0,3,0,1,1,0,House Greyjoy,27.0,Balon Greyjoy,0.0,0.0,0.0,0.0,0.0,0.0,0.0,0.0,0.0,0.0,0.0,0.0,0.0,1.0,0.0,0.0,0.0,0.0,0.0,0.0,0.0,0.0,0.0,0.0,0.0,0.0,0.0,0.0,0.0,0.0,0.0,0.0,0.0,0.0,0.0,0.0,0.0,0.0,0.0,0.0,0.0,0.0,1.0,0.0,1.0,0.0,0.0,0.0,0.0,0.0,0.0
6,Barristan Selmy,0,1,1,1,1,1,1,,,,,0.0,1,0.0,1.0,,15.0,0,0,0,0,69.0,0.0,1.0,Weste,OTHER,Barristan Selmy,1,5.0,633,0,910,623,21,1,0,1,1,Other,27.0,Barristan Selmy,0.0,0.0,0.0,0.0,0.0,0.0,0.0,0.0,0.0,0.0,0.0,0.0,0.0,0.0,0.0,0.0,0.0,0.0,0.0,0.0,0.0,0.0,0.0,0.0,1.0,0.0,0.0,0.0,0.0,0.0,0.0,0.0,0.0,0.0,0.0,0.0,0.0,0.0,0.0,0.0,0.0,1.0,0.0,0.0,0.0,0.0,0.0,0.0,0.0,0.0,1.0
7,Benjen Stark,0,1,1,1,1,1,1,,,,,0.0,1,1.0,1.0,1.0,5.0,0,0,0,0,38.0,5.0,0.40133779264214,North,HOUSE STARK,Benjen Stark,0,,420,0,0,0,3,1,0,0,0,Nights Watch,27.0,Benjen Stark,0.0,0.0,0.0,0.0,0.0,0.0,0.0,0.0,0.0,0.0,0.0,0.0,0.0,0.0,1.0,0.0,0.0,0.0,0.0,0.0,0.0,0.0,0.0,0.0,0.0,0.0,0.0,0.0,0.0,0.0,0.0,0.0,0.0,0.0,0.0,0.0,1.0,0.0,0.0,0.0,0.0,0.0,0.0,0.0,0.0,0.0,0.0,0.0,1.0,0.0,0.0
8,Beric Dondarrion,1,1,1,1,1,1,1,,,,,0.0,1,0.0,1.0,4.0,42.0,0,0,0,0,23.0,0.0,0.434782608695652,None,OTHER,Beric Dondarrion,0,,31,0,636,0,5,1,0,1,0,Other,27.0,Beric Dondarrion,0.0,0.0,0.0,0.0,0.0,0.0,0.0,0.0,0.0,0.0,0.0,0.0,0.0,1.0,0.0,0.0,0.0,0.0,0.0,0.0,0.0,0.0,0.0,0.0,0.0,0.0,0.0,0.0,0.0,0.0,0.0,0.0,0.0,0.0,0.0,0.0,0.0,0.0,0.0,0.0,0.0,1.0,0.0,0.0,0.0,0.0,0.0,0.0,0.0,0.0,1.0
9,Brandon Stark,1,1,1,1,1,0,1,,,,,0.0,0,0.0,1.0,,23.0,0,0,0,0,20.0,0.0,0.347826086956521,North,HOUSE STARK,Brandon Stark,0,,1622,832,1022,689,26,1,1,1,1,House Stark,14.0,Brandon Stark,0.0,0.0,0.0,0.0,0.0,0.0,0.0,0.0,0.0,0.0,0.0,0.0,0.0,0.0,1.0,0.0,0.0,0.0,0.0,0.0,0.0,0.0,0.0,0.0,0.0,0.0,0.0,0.0,0.0,0.0,0.0,0.0,0.0,0.0,0.0,0.0,1.0,0.0,0.0,0.0,0.0,0.0,0.0,0.0,0.0,0.0,1.0,0.0,0.0,0.0,0.0
10,Brienne of Tarth,0,0,0,1,1,1,1,,,,,,1,0.0,1.0,,22.0,0,0,0,0,33.0,1.0,0.0,None,OTHER,Brienne of Tarth,0,,0,1131,1247,1239,21,0,1,1,1,Other,27.0,Brienne of Tarth,0.0,0.0,0.0,0.0,0.0,0.0,0.0,0.0,0.0,0.0,0.0,0.0,0.0,1.0,0.0,0.0,0.0,0.0,0.0,0.0,0.0,0.0,0.0,0.0,0.0,0.0,0.0,0.0,0.0,0.0,0.0,0.0,0.0,0.0,0.0,0.0,0.0,0.0,0.0,0.0,0.0,1.0,0.0,0.0,0.0,0.0,0.0,0.0,0.0,0.0,1.0
11,Bronn,0,1,1,1,1,1,1,,,,1.0,1.0,1,0.0,1.0,,28.0,0,0,0,1,41.0,0.0,0.471571906354515,None,OTHER,Bronn,0,,958,825,431,608,20,1,1,1,1,Other,27.0,Bronn,0.0,0.0,0.0,0.0,0.0,0.0,0.0,0.0,0.0,0.0,0.0,0.0,0.0,1.0,0.0,0.0,0.0,0.0,0.0,0.0,0.0,0.0,0.0,0.0,0.0,0.0,0.0,0.0,0.0,0.0,0.0,0.0,0.0,0.0,0.0,0.0,0.0,0.0,0.0,0.0,0.0,1.0,0.0,0.0,0.0,0.0,0.0,0.0,0.0,0.0,1.0
12,Brynden Tully,0,1,1,1,1,1,1,,,,,0.0,1,1.0,1.0,,2.0,0,0,0,0,63.0,5.0,0.341137123745819,River,HOUSE TULLY,Brynden Tully,0,,0,0,720,0,5,0,0,1,0,Other,27.0,Brynden Tully,0.0,0.0,0.0,0.0,0.0,0.0,0.0,0.0,0.0,0.0,0.0,0.0,0.0,0.0,0.0,0.0,0.0,0.0,1.0,0.0,0.0,0.0,0.0,0.0,0.0,0.0,0.0,0.0,0.0,0.0,0.0,0.0,0.0,0.0,0.0,0.0,0.0,0.0,1.0,0.0,0.0,0.0,0.0,0.0,0.0,0.0,0.0,0.0,0.0,0.0,1.0
13,Catelyn Stark,1,0,1,1,1,0,0,,,,0.0,1.0,1,1.0,0.0,,23.0,0,0,0,1,35.0,7.0,0.0,River,HOUSE TULLY,Catelyn Stark (Tully),1,3.0,2860,1416,1198,0,25,1,1,1,0,Other,27.0,Catelyn Stark,0.0,0.0,0.0,0.0,0.0,0.0,0.0,0.0,0.0,0.0,0.0,0.0,0.0,0.0,0.0,0.0,0.0,0.0,1.0,0.0,0.0,0.0,0.0,0.0,0.0,0.0,0.0,0.0,0.0,0.0,0.0,0.0,0.0,0.0,0.0,0.0,0.0,0.0,1.0,0.0,0.0,0.0,0.0,0.0,0.0,0.0,0.0,0.0,0.0,0.0,1.0
14,Cersei Lannister,0,0,1,1,1,1,1,,,,1.0,1.0,1,1.0,1.0,,4.0,0,0,0,1,39.0,9.0,1.0,Weste,HOUSE LANNISTER,Cersei Lannister,0,,1683,2326,1393,2504,36,1,1,1,1,House Lannister,41.0,Cersei Lannister,0.0,0.0,0.0,0.0,0.0,0.0,0.0,0.0,0.0,0.0,0.0,0.0,0.0,0.0,0.0,0.0,0.0,0.0,0.0,0.0,0.0,0.0,0.0,0.0,1.0,0.0,0.0,0.0,0.0,0.0,0.0,0.0,0.0,0.0,1.0,0.0,0.0,0.0,0.0,0.0,0.0,0.0,0.0,0.0,0.0,1.0,0.0,0.0,0.0,0.0,0.0
15,Craster,1,1,0,1,1,1,1,,,,,0.0,0,0.0,0.0,3.0,23.0,0,0,0,0,33.0,0.0,0.170568561872909,Free ,OTHER,Craster,1,3.0,0,227,179,0,5,0,1,1,0,None,27.0,Craster,0.0,0.0,0.0,0.0,0.0,1.0,0.0,0.0,0.0,0.0,0.0,0.0,0.0,0.0,0.0,0.0,0.0,0.0,0.0,0.0,0.0,0.0,0.0,0.0,0.0,0.0,0.0,0.0,0.0,0.0,0.0,0.0,0.0,0.0,0.0,0.0,0.0,0.0,0.0,0.0,0.0,1.0,0.0,0.0,0.0,0.0,0.0,0.0,0.0,1.0,0.0
16,Daario Naharis,0,1,0,0,1,1,1,,,,,0.0,0,0.0,0.0,,42.0,0,0,0,0,33.0,0.0,0.220735785953177,Tyros,OTHER,Daario Naharis,0,,0,0,612,442,8,0,0,1,1,Other,27.0,Daario Naharis,0.0,0.0,0.0,0.0,0.0,0.0,0.0,0.0,0.0,0.0,0.0,0.0,0.0,0.0,0.0,0.0,0.0,0.0,0.0,0.0,0.0,1.0,0.0,0.0,0.0,0.0,0.0,0.0,0.0,0.0,0.0,0.0,0.0,0.0,0.0,0.0,0.0,0.0,0.0,0.0,0.0,1.0,0.0,0.0,0.0,0.0,0.0,0.0,0.0,0.0,1.0
17,Daenerys Targaryen,0,0,1,1,1,1,1,,,,0.0,1.0,1,1.0,1.0,,3.0,0,0,0,1,21.0,15.0,1.0,Valyr,HOUSE TARGARYEN,Daenerys Targaryen,0,,3420,2338,1897,1773,33,1,1,1,1,House Targaryen,20.0,Daenerys Targaryen,0.0,0.0,0.0,0.0,0.0,0.0,0.0,0.0,0.0,0.0,0.0,0.0,0.0,0.0,0.0,0.0,0.0,0.0,0.0,0.0,0.0,0.0,0.0,1.0,0.0,0.0,0.0,0.0,0.0,0.0,0.0,0.0,0.0,0.0,0.0,0.0,0.0,1.0,0.0,0.0,0.0,0.0,0.0,0.0,0.0,0.0,0.0,1.0,0.0,0.0,0.0
18,Davos Seaworth,0,1,0,1,1,1,1,,,,1.0,1.0,1,1.0,1.0,,0.0,0,0,0,1,45.0,1.0,0.969899665551839,Weste,OTHER,Davos Seaworth,0,,0,1290,1350,682,14,0,1,1,1,House Baratheon,27.0,Davos Seaworth,0.0,0.0,0.0,0.0,0.0,0.0,0.0,0.0,0.0,0.0,0.0,0.0,0.0,0.0,0.0,0.0,0.0,0.0,0.0,0.0,0.0,0.0,0.0,0.0,1.0,0.0,0.0,0.0,0.0,0.0,0.0,0.0,0.0,0.0,0.0,0.0,0.0,0.0,0.0,0.0,0.0,1.0,0.0,0.0,0.0,0.0,0.0,0.0,0.0,0.0,0.0
19,Dontos Hollard,1,1,1,1,1,1,0,,,,,0.0,1,0.0,0.0,3.0,57.0,0,0,0,0,39.0,0.0,0.23076923076923,None,OTHER,Dontos Hollard,1,4.0,0,95,0,232,6,0,1,0,1,Other,27.0,Dontos Hollard,0.0,0.0,0.0,0.0,0.0,0.0,0.0,0.0,0.0,0.0,0.0,0.0,0.0,1.0,0.0,0.0,0.0,0.0,0.0,0.0,0.0,0.0,0.0,0.0,0.0,0.0,0.0,0.0,0.0,0.0,0.0,0.0,0.0,0.0,0.0,0.0,0.0,0.0,0.0,0.0,0.0,1.0,0.0,0.0,0.0,0.0,0.0,0.0,0.0,0.0,1.0
20,Doreah,1,0,1,1,0,0,1,,,,,0.0,0,0.0,0.0,2.0,11.0,0,0,0,0,33.0,0.0,0.110367892976588,Lysen,HOUSE TARGARYEN,Doreah,0,,867,280,0,0,11,1,1,0,0,Other,27.0,Doreah,0.0,0.0,0.0,0.0,0.0,0.0,0.0,0.0,0.0,0.0,1.0,0.0,0.0,0.0,0.0,0.0,0.0,0.0,0.0,0.0,0.0,0.0,0.0,0.0,0.0,0.0,0.0,0.0,0.0,0.0,0.0,0.0,0.0,0.0,0.0,0.0,0.0,1.0,0.0,0.0,0.0,0.0,0.0,0.0,0.0,0.0,0.0,0.0,0.0,0.0,1.0
21,Drogo,1,1,1,1,1,0,1,,,,1.0,1.0,0,1.0,1.0,1.0,3.0,0,0,0,1,32.0,5.0,0.558528428093645,Dothr,OTHER,Khal Drogo,1,2.0,1515,125,0,0,10,1,1,0,0,Other,27.0,Drogo,0.0,0.0,0.0,0.0,1.0,0.0,0.0,0.0,0.0,0.0,0.0,0.0,0.0,0.0,0.0,0.0,0.0,0.0,0.0,0.0,0.0,0.0,0.0,0.0,0.0,0.0,0.0,0.0,0.0,0.0,0.0,0.0,0.0,0.0,0.0,0.0,0.0,0.0,0.0,0.0,0.0,1.0,0.0,0.0,0.0,0.0,0.0,0.0,0.0,0.0,1.0
22,Eddard Stark,1,1,1,0,0,0,0,,,,1.0,1.0,1,1.0,1.0,1.0,1.0,0,0,0,1,36.0,6.0,1.0,North,HOUSE STARK,Eddard Stark,1,1.0,5675,0,0,0,9,1,0,0,0,House Stark,27.0,Eddard Stark,0.0,0.0,0.0,0.0,0.0,0.0,0.0,0.0,0.0,0.0,0.0,0.0,0.0,0.0,1.0,0.0,0.0,0.0,0.0,0.0,0.0,0.0,0.0,0.0,0.0,0.0,0.0,0.0,0.0,0.0,0.0,0.0,0.0,0.0,0.0,0.0,1.0,0.0,0.0,0.0,0.0,0.0,0.0,0.0,0.0,0.0,1.0,0.0,0.0,0.0,0.0
23,Eddison Tollett,0,1,0,1,1,1,1,,,,,0.0,0,0.0,0.0,,13.0,0,0,0,0,33.0,0.0,0.100334448160535,Valem,OTHER,Eddison Tollett,0,,0,402,358,515,17,0,1,1,1,Nights Watch,27.0,Eddison Tollett,0.0,0.0,0.0,0.0,0.0,0.0,0.0,0.0,0.0,0.0,0.0,0.0,0.0,0.0,0.0,0.0,0.0,0.0,0.0,0.0,0.0,0.0,1.0,0.0,0.0,0.0,0.0,0.0,0.0,0.0,0.0,0.0,0.0,0.0,0.0,0.0,0.0,0.0,0.0,0.0,0.0,1.0,0.0,0.0,0.0,0.0,0.0,0.0,1.0,0.0,0.0
24,Edmure Tully,0,1,1,1,1,1,1,,,,1.0,1.0,1,1.0,1.0,,28.0,0,0,0,1,38.0,8.0,0.655518394648829,River,HOUSE TULLY,Edmure Tully,1,6.0,0,0,788,0,5,0,0,1,0,Other,27.0,Edmure Tully,0.0,0.0,0.0,0.0,0.0,0.0,0.0,0.0,0.0,0.0,0.0,0.0,0.0,0.0,0.0,0.0,0.0,0.0,1.0,0.0,0.0,0.0,0.0,0.0,0.0,0.0,0.0,0.0,0.0,0.0,0.0,0.0,0.0,0.0,0.0,0.0,0.0,0.0,1.0,0.0,0.0,0.0,0.0,0.0,0.0,0.0,0.0,0.0,0.0,0.0,1.0
25,Ellaria Sand,0,0,0,0,1,1,1,,,,0.0,1.0,0,1.0,0.0,,38.0,0,0,0,1,33.0,2.0,0.160535117056856,Dorni,OTHER,Ellaria Sand,0,,0,0,0,481,4,0,0,0,1,Other,27.0,Ellaria Sand,0.0,0.0,0.0,1.0,0.0,0.0,0.0,0.0,0.0,0.0,0.0,0.0,0.0,0.0,0.0,0.0,0.0,0.0,0.0,0.0,0.0,0.0,0.0,0.0,0.0,0.0,0.0,0.0,0.0,0.0,0.0,0.0,0.0,0.0,0.0,0.0,0.0,0.0,0.0,0.0,0.0,1.0,0.0,0.0,0.0,0.0,0.0,0.0,0.0,0.0,1.0
26,Gendry,0,1,1,1,1,1,0,,,,,0.0,1,1.0,1.0,,27.0,0,0,0,0,21.0,2.0,0.438127090301003,None,BROTHERHOOD WITHOUT BANNERS,Gendry,0,,171,822,1361,0,17,1,1,1,0,None,27.0,Gendry,0.0,0.0,0.0,0.0,0.0,0.0,0.0,0.0,0.0,0.0,0.0,0.0,0.0,1.0,0.0,0.0,0.0,0.0,0.0,0.0,0.0,0.0,0.0,0.0,0.0,0.0,1.0,0.0,0.0,0.0,0.0,0.0,0.0,0.0,0.0,0.0,0.0,0.0,0.0,0.0,0.0,0.0,0.0,0.0,0.0,0.0,0.0,0.0,0.0,1.0,0.0
27,Gilly,0,0,0,1,1,1,1,,,,0.0,1.0,0,1.0,0.0,,23.0,0,0,0,1,23.0,1.0,0.2876254180602,Free ,OTHER,Gilly,0,,0,180,908,532,12,0,1,1,1,None,27.0,Gilly,0.0,0.0,0.0,0.0,0.0,1.0,0.0,0.0,0.0,0.0,0.0,0.0,0.0,0.0,0.0,0.0,0.0,0.0,0.0,0.0,0.0,0.0,0.0,0.0,0.0,0.0,0.0,0.0,0.0,0.0,0.0,0.0,0.0,0.0,0.0,0.0,0.0,0.0,0.0,0.0,0.0,1.0,0.0,0.0,0.0,0.0,0.0,0.0,0.0,1.0,0.0
28,Gregor Clegane,1,1,1,1,1,1,1,,,,,0.0,1,1.0,1.0,4.0,29.0,0,0,0,0,35.0,1.0,0.836120401337792,None,HOUSE CLEGANE,Gregor Clegane,0,4.0,135,127,0,277,7,1,1,0,1,House Lannister,27.0,Gregor Clegane,0.0,0.0,0.0,0.0,0.0,0.0,0.0,0.0,0.0,0.0,0.0,0.0,0.0,1.0,0.0,0.0,0.0,0.0,0.0,0.0,0.0,0.0,0.0,0.0,0.0,0.0,0.0,0.0,0.0,0.0,0.0,1.0,0.0,0.0,0.0,0.0,0.0,0.0,0.0,0.0,0.0,0.0,0.0,0.0,0.0,1.0,0.0,0.0,0.0,0.0,0.0
29,Grenn,0,1,1,1,1,1,1,,,,,0.0,0,0.0,0.0,,19.0,0,0,0,0,24.0,0.0,0.204013377926421,Weste,NIGHTS WATCH,Grenn,0,,612,491,389,590,26,1,1,1,1,Nights Watch,27.0,Grenn,0.0,0.0,0.0,0.0,0.0,0.0,0.0,0.0,0.0,0.0,0.0,0.0,0.0,0.0,0.0,0.0,0.0,0.0,0.0,0.0,0.0,0.0,0.0,0.0,1.0,0.0,0.0,0.0,0.0,0.0,0.0,0.0,0.0,0.0,0.0,0.0,0.0,0.0,0.0,0.0,1.0,0.0,0.0,0.0,0.0,0.0,0.0,0.0,1.0,0.0,0.0
30,Grey Worm,0,1,0,0,1,1,1,,,,,0.0,0,0.0,0.0,,42.0,0,0,0,0,33.0,0.0,0.140468227424749,None,OTHER,Grey Worm,0,,0,0,348,687,12,0,0,1,1,House Targaryen,27.0,Grey Worm,0.0,0.0,0.0,0.0,0.0,0.0,0.0,0.0,0.0,0.0,0.0,0.0,0.0,1.0,0.0,0.0,0.0,0.0,0.0,0.0,0.0,0.0,0.0,0.0,0.0,0.0,0.0,0.0,0.0,0.0,0.0,0.0,0.0,0.0,0.0,0.0,0.0,0.0,0.0,0.0,0.0,1.0,0.0,0.0,0.0,0.0,0.0,1.0,0.0,0.0,0.0
31,Henly (Maester),0,1,0,0,0,0,1,,,,,,0,0.0,1.0,,37.0,0,0,0,0,33.0,1.0,0.0,None,OTHER,Maester Luwin,1,2.0,489,973,0,0,14,1,1,0,0,Other,27.0,Henly (Maester),0.0,0.0,0.0,0.0,0.0,0.0,0.0,0.0,0.0,0.0,0.0,0.0,0.0,1.0,0.0,0.0,0.0,0.0,0.0,0.0,0.0,0.0,0.0,0.0,0.0,0.0,0.0,0.0,0.0,0.0,0.0,0.0,0.0,0.0,0.0,0.0,0.0,0.0,0.0,0.0,0.0,1.0,0.0,0.0,0.0,0.0,0.0,0.0,0.0,0.0,1.0
32,Hizdahr zo Loraq,0,1,0,0,0,0,0,,,,,0.0,0,0.0,1.0,,23.0,0,0,0,0,33.0,0.0,0.444816053511705,Ghisc,UNKNOWN,Hizdahr zo Loraq,1,5.0,0,0,0,135,2,0,0,0,1,Other,27.0,Hizdahr zo Loraq,0.0,0.0,0.0,0.0,0.0,0.0,1.0,0.0,0.0,0.0,0.0,0.0,0.0,0.0,0.0,0.0,0.0,0.0,0.0,0.0,0.0,0.0,0.0,0.0,0.0,0.0,0.0,0.0,0.0,0.0,0.0,0.0,0.0,0.0,0.0,0.0,0.0,0.0,0.0,0.0,0.0,0.0,1.0,0.0,0.0,0.0,0.0,0.0,0.0,0.0,1.0
33,Hodor,0,1,1,1,1,1,1,,,,,0.0,0,0.0,0.0,,24.0,0,0,0,0,33.0,0.0,0.244147157190635,North,HOUSE STARK,Hodor,1,6.0,168,448,527,442,22,1,1,1,1,House Stark,27.0,Hodor,0.0,0.0,0.0,0.0,0.0,0.0,0.0,0.0,0.0,0.0,0.0,0.0,0.0,0.0,1.0,0.0,0.0,0.0,0.0,0.0,0.0,0.0,0.0,0.0,0.0,0.0,0.0,0.0,0.0,0.0,0.0,0.0,0.0,0.0,0.0,0.0,1.0,0.0,0.0,0.0,0.0,0.0,0.0,0.0,0.0,0.0,1.0,0.0,0.0,0.0,0.0
34,Hoke,0,0,0,0,0,1,0,,,,,0.0,0,0.0,0.0,,23.0,0,0,0,0,33.0,0.0,0.0100334448160535,None,HOUSE LANNISTER,Locke,1,4.0,0,0,565,465,7,0,0,1,1,House Bolton,27.0,Hoke,0.0,0.0,0.0,0.0,0.0,0.0,0.0,0.0,0.0,0.0,0.0,0.0,0.0,1.0,0.0,0.0,0.0,0.0,0.0,0.0,0.0,0.0,0.0,0.0,0.0,0.0,0.0,0.0,0.0,0.0,0.0,0.0,0.0,0.0,1.0,0.0,0.0,0.0,0.0,0.0,0.0,0.0,0.0,1.0,0.0,0.0,0.0,0.0,0.0,0.0,0.0
35,Hot Pie,0,0,0,1,1,1,0,,,,,0.0,0,0.0,0.0,,1.0,0,0,0,0,33.0,0.0,0.183946488294314,None,OTHER,Hot Pie,0,,70,575,302,116,11,1,1,1,1,None,27.0,Hot Pie,0.0,0.0,0.0,0.0,0.0,0.0,0.0,0.0,0.0,0.0,0.0,0.0,0.0,1.0,0.0,0.0,0.0,0.0,0.0,0.0,0.0,0.0,0.0,0.0,0.0,0.0,0.0,0.0,0.0,0.0,0.0,0.0,0.0,0.0,0.0,0.0,0.0,0.0,0.0,0.0,0.0,1.0,0.0,0.0,0.0,0.0,0.0,0.0,0.0,1.0,0.0
36,Illyrio Mopatis,0,1,1,1,1,1,1,,,,1.0,1.0,1,0.0,1.0,,3.0,0,0,0,1,33.0,0.0,0.394648829431438,Pento,HOUSE TARGARYEN,Illyrio Mopatis,0,,216,0,0,0,2,1,0,0,0,None,27.0,Illyrio Mopatis,0.0,0.0,0.0,0.0,0.0,0.0,0.0,0.0,0.0,0.0,0.0,0.0,0.0,0.0,0.0,1.0,0.0,0.0,0.0,0.0,0.0,0.0,0.0,0.0,0.0,0.0,0.0,0.0,0.0,0.0,0.0,0.0,0.0,0.0,0.0,0.0,0.0,1.0,0.0,0.0,0.0,0.0,0.0,0.0,0.0,0.0,0.0,0.0,0.0,1.0,0.0
37,Irri,0,0,1,1,1,1,1,,,,,0.0,0,0.0,0.0,,11.0,0,0,0,0,22.0,0.0,0.193979933110367,Dothr,HOUSE TARGARYEN,Irri,1,2.0,448,177,0,0,13,1,1,0,0,House Targaryen,27.0,Irri,0.0,0.0,0.0,0.0,1.0,0.0,0.0,0.0,0.0,0.0,0.0,0.0,0.0,0.0,0.0,0.0,0.0,0.0,0.0,0.0,0.0,0.0,0.0,0.0,0.0,0.0,0.0,0.0,0.0,0.0,0.0,0.0,0.0,0.0,0.0,0.0,0.0,1.0,0.0,0.0,0.0,0.0,0.0,0.0,0.0,0.0,0.0,1.0,0.0,0.0,0.0
38,Jaime Lannister,0,1,1,1,1,1,1,,,,,0.0,1,1.0,1.0,,5.0,0,0,0,0,39.0,7.0,1.0,Weste,HOUSE LANNISTER,Jaime Lannister,0,,1196,895,2194,2339,28,1,1,1,1,Other,41.0,Jaime Lannister,0.0,0.0,0.0,0.0,0.0,0.0,0.0,0.0,0.0,0.0,0.0,0.0,0.0,0.0,0.0,0.0,0.0,0.0,0.0,0.0,0.0,0.0,0.0,0.0,1.0,0.0,0.0,0.0,0.0,0.0,0.0,0.0,0.0,0.0,1.0,0.0,0.0,0.0,0.0,0.0,0.0,0.0,0.0,0.0,0.0,0.0,0.0,0.0,0.0,0.0,1.0
39,Janos Slynt,1,1,1,1,1,1,1,,,,,0.0,1,0.0,1.0,5.0,27.0,0,0,0,0,22.0,0.0,0.561872909698996,None,NIGHTS WATCH,Janos Slynt,0,5.0,119,324,0,407,11,1,1,0,1,House Baratheon,27.0,Janos Slynt,0.0,0.0,0.0,0.0,0.0,0.0,0.0,0.0,0.0,0.0,0.0,0.0,0.0,1.0,0.0,0.0,0.0,0.0,0.0,0.0,0.0,0.0,0.0,0.0,0.0,0.0,0.0,0.0,0.0,0.0,0.0,0.0,0.0,0.0,0.0,0.0,0.0,0.0,0.0,0.0,1.0,0.0,0.0,0.0,0.0,0.0,0.0,0.0,0.0,0.0,0.0
40,Jaqen H'ghar,0,1,0,0,0,0,0,,,,,0.0,0,0.0,0.0,,5.0,0,0,0,0,33.0,0.0,0.20066889632107,None,OTHER,Jaqen H'ghar,0,,17,478,0,0,7,1,1,0,0,Other,27.0,Jaqen H'ghar,0.0,0.0,0.0,0.0,0.0,0.0,0.0,0.0,0.0,0.0,0.0,0.0,0.0,1.0,0.0,0.0,0.0,0.0,0.0,0.0,0.0,0.0,0.0,0.0,0.0,0.0,0.0,0.0,0.0,0.0,0.0,0.0,0.0,0.0,0.0,0.0,0.0,0.0,0.0,0.0,0.0,1.0,0.0,0.0,0.0,0.0,0.0,0.0,0.0,0.0,1.0
41,Jason Lannister,1,1,0,0,0,0,0,,,,1.0,1.0,1,0.0,0.0,,23.0,0,0,0,1,33.0,0.0,0.0468227424749163,None,HOUSE LANNISTER,Alton Lannister,1,2.0,0,471,0,0,3,0,1,0,0,House Lannister,27.0,Jason Lannister,0.0,0.0,0.0,0.0,0.0,0.0,0.0,0.0,0.0,0.0,0.0,0.0,0.0,1.0,0.0,0.0,0.0,0.0,0.0,0.0,0.0,0.0,0.0,0.0,0.0,0.0,0.0,0.0,0.0,0.0,0.0,0.0,0.0,0.0,1.0,0.0,0.0,0.0,0.0,0.0,0.0,0.0,0.0,0.0,0.0,1.0,0.0,0.0,0.0,0.0,0.0
42,Jeor Mormont,1,1,1,1,1,1,1,,,,,0.0,1,0.0,1.0,3.0,48.0,0,0,0,0,69.0,0.0,0.618729096989966,North,OTHER,Jeor Mormont,1,3.0,637,464,321,0,12,1,1,1,0,Nights Watch,27.0,Jeor Mormont,0.0,0.0,0.0,0.0,0.0,0.0,0.0,0.0,0.0,0.0,0.0,0.0,0.0,0.0,1.0,0.0,0.0,0.0,0.0,0.0,0.0,0.0,0.0,0.0,0.0,0.0,0.0,0.0,0.0,0.0,0.0,0.0,0.0,0.0,0.0,0.0,0.0,0.0,0.0,0.0,0.0,1.0,0.0,0.0,0.0,0.0,0.0,0.0,1.0,0.0,0.0
43,Joffrey Baratheon,1,1,1,1,1,0,0,1.0,1.0,1.0,,0.0,1,1.0,1.0,3.0,5.0,1,1,1,0,33.0,5.0,1.0,None,HOUSE BARATHEON,Joffrey Baratheon,1,4.0,1061,1147,1054,773,25,1,1,1,1,House Baratheon,19.0,Joffrey Baratheon,0.0,0.0,0.0,0.0,0.0,0.0,0.0,0.0,0.0,0.0,0.0,0.0,0.0,1.0,0.0,0.0,0.0,0.0,0.0,0.0,0.0,0.0,0.0,0.0,0.0,0.0,0.0,0.0,0.0,1.0,0.0,0.0,0.0,0.0,0.0,0.0,0.0,0.0,0.0,0.0,0.0,0.0,0.0,0.0,0.0,0.0,0.0,0.0,0.0,0.0,0.0
44,Jojen Reed,0,1,0,1,1,1,1,,,,,0.0,0,0.0,0.0,,21.0,0,0,0,0,19.0,0.0,0.290969899665551,Crann,OTHER,Jojen Reed,1,4.0,0,0,729,568,11,0,0,1,1,Other,27.0,Jojen Reed,0.0,0.0,1.0,0.0,0.0,0.0,0.0,0.0,0.0,0.0,0.0,0.0,0.0,0.0,0.0,0.0,0.0,0.0,0.0,0.0,0.0,0.0,0.0,0.0,0.0,0.0,0.0,0.0,0.0,0.0,0.0,0.0,0.0,0.0,0.0,0.0,0.0,0.0,0.0,0.0,0.0,1.0,0.0,0.0,0.0,0.0,0.0,0.0,0.0,0.0,1.0
45,Jon Arryn,1,1,1,1,1,1,1,,,,1.0,1.0,1,1.0,1.0,,23.0,0,0,0,1,81.0,5.0,0.836120401337792,Valem,HOUSE ARRYN,Robin Arryn,0,,277,0,0,261,7,1,0,0,1,Other,27.0,Jon Arryn,0.0,0.0,0.0,0.0,0.0,0.0,0.0,0.0,0.0,0.0,0.0,0.0,0.0,0.0,0.0,0.0,0.0,0.0,0.0,0.0,0.0,0.0,1.0,0.0,0.0,0.0,0.0,1.0,0.0,0.0,0.0,0.0,0.0,0.0,0.0,0.0,0.0,0.0,0.0,0.0,0.0,0.0,0.0,0.0,0.0,0.0,0.0,0.0,0.0,0.0,1.0
46,Jon Snow,0,1,1,1,1,1,1,,,,,0.0,1,1.0,1.0,,1.0,0,0,0,0,22.0,5.0,1.0,North,HOUSE STARK,Jon Snow,0,,3575,2000,2146,2633,32,1,1,1,1,Other,20.0,Jon Snow,0.0,0.0,0.0,0.0,0.0,0.0,0.0,0.0,0.0,0.0,0.0,0.0,0.0,0.0,1.0,0.0,0.0,0.0,0.0,0.0,0.0,0.0,0.0,0.0,0.0,0.0,0.0,0.0,0.0,0.0,0.0,0.0,0.0,0.0,0.0,0.0,1.0,0.0,0.0,0.0,0.0,0.0,0.0,0.0,0.0,0.0,0.0,0.0,0.0,0.0,1.0
47,Jorah Mormont,0,1,1,1,1,1,1,,,,1.0,1.0,1,1.0,1.0,,23.0,0,0,0,1,51.0,1.0,0.722408026755852,North,OTHER,Jorah Mormont,0,,1873,1113,1352,882,31,1,1,1,1,House Targaryen,27.0,Jorah Mormont,0.0,0.0,0.0,0.0,0.0,0.0,0.0,0.0,0.0,0.0,0.0,0.0,0.0,0.0,1.0,0.0,0.0,0.0,0.0,0.0,0.0,0.0,0.0,0.0,0.0,0.0,0.0,0.0,0.0,0.0,0.0,0.0,0.0,0.0,0.0,0.0,0.0,0.0,0.0,0.0,0.0,1.0,0.0,0.0,0.0,0.0,0.0,1.0,0.0,0.0,0.0
48,Jory Cassel,1,1,1,1,1,0,1,,,,,0.0,1,1.0,0.0,1.0,1.0,0,0,0,0,33.0,1.0,0.170568561872909,North,OTHER,Jory Cassel,1,1.0,589,0,0,0,5,1,0,0,0,House Stark,27.0,Jory Cassel,0.0,0.0,0.0,0.0,0.0,0.0,0.0,0.0,0.0,0.0,0.0,0.0,0.0,0.0,1.0,0.0,0.0,0.0,0.0,0.0,0.0,0.0,0.0,0.0,0.0,0.0,0.0,0.0,0.0,0.0,0.0,0.0,0.0,0.0,0.0,0.0,0.0,0.0,0.0,0.0,0.0,1.0,0.0,0.0,0.0,0.0,1.0,0.0,0.0,0.0,0.0
49,Karyl Vance,0,1,1,1,1,1,1,,,,,0.0,1,0.0,0.0,,43.0,0,0,0,0,33.0,0.0,0.11705685618729,None,OTHER,Karl Tanner,1,4.0,0,0,188,579,4,0,0,1,1,Nights Watch,27.0,Karyl Vance,0.0,0.0,0.0,0.0,0.0,0.0,0.0,0.0,0.0,0.0,0.0,0.0,0.0,1.0,0.0,0.0,0.0,0.0,0.0,0.0,0.0,0.0,0.0,0.0,0.0,0.0,0.0,0.0,0.0,0.0,0.0,0.0,0.0,0.0,0.0,0.0,0.0,0.0,0.0,0.0,0.0,1.0,0.0,0.0,0.0,0.0,0.0,0.0,1.0,0.0,0.0
50,Kevan Lannister,1,1,1,1,1,1,1,,,,1.0,1.0,1,1.0,1.0,5.0,56.0,0,0,0,1,56.0,4.0,0.869565217391304,None,HOUSE LANNISTER,Kevan Lannister,0,,120,56,0,0,4,1,1,0,0,House Lannister,27.0,Kevan Lannister,0.0,0.0,0.0,0.0,0.0,0.0,0.0,0.0,0.0,0.0,0.0,0.0,0.0,1.0,0.0,0.0,0.0,0.0,0.0,0.0,0.0,0.0,0.0,0.0,0.0,0.0,0.0,0.0,0.0,0.0,0.0,0.0,0.0,0.0,1.0,0.0,0.0,0.0,0.0,0.0,0.0,0.0,0.0,0.0,0.0,1.0,0.0,0.0,0.0,0.0,0.0
51,Kraznys mo Nakloz,1,1,0,0,1,0,1,,,,,0.0,0,0.0,0.0,3.0,23.0,0,0,0,0,33.0,0.0,0.0769230769230769,Astap,OTHER,Kraznys mo Nakloz,1,3.0,0,0,338,0,3,0,0,1,0,Other,27.0,Kraznys mo Nakloz,1.0,0.0,0.0,0.0,0.0,0.0,0.0,0.0,0.0,0.0,0.0,0.0,0.0,0.0,0.0,0.0,0.0,0.0,0.0,0.0,0.0,0.0,0.0,0.0,0.0,0.0,0.0,0.0,0.0,0.0,0.0,0.0,0.0,0.0,0.0,0.0,0.0,0.0,0.0,0.0,0.0,1.0,0.0,0.0,0.0,0.0,0.0,0.0,0.0,0.0,1.0
52,Lancel Lannister,0,1,1,1,1,1,1,,,,1.0,1.0,1,1.0,1.0,,47.0,0,0,0,1,23.0,5.0,0.478260869565217,None,OTHER,Lancel Lannister,1,6.0,218,517,0,0,7,1,1,0,0,House Lannister,27.0,Lancel Lannister,0.0,0.0,0.0,0.0,0.0,0.0,0.0,0.0,0.0,0.0,0.0,0.0,0.0,1.0,0.0,0.0,0.0,0.0,0.0,0.0,0.0,0.0,0.0,0.0,0.0,0.0,0.0,0.0,0.0,0.0,0.0,0.0,0.0,0.0,0.0,0.0,0.0,0.0,0.0,0.0,0.0,1.0,0.0,0.0,0.0,1.0,0.0,0.0,0.0,0.0,0.0
53,Larra Blackmont,0,0,0,0,1,1,1,,,,,0.0,1,0.0,0.0,,38.0,0,0,0,0,33.0,0.0,0.0267558528428093,Dorni,OTHER,Black Lorren,1,2.0,0,271,0,0,4,0,1,0,0,House Greyjoy,27.0,Larra Blackmont,0.0,0.0,0.0,1.0,0.0,0.0,0.0,0.0,0.0,0.0,0.0,0.0,0.0,0.0,0.0,0.0,0.0,0.0,0.0,0.0,0.0,0.0,0.0,0.0,0.0,0.0,0.0,0.0,0.0,0.0,0.0,0.0,0.0,0.0,0.0,0.0,0.0,0.0,0.0,0.0,0.0,1.0,0.0,0.0,1.0,0.0,0.0,0.0,0.0,0.0,0.0
54,Leona Tyrell,0,0,0,0,1,1,0,,,,,0.0,0,0.0,0.0,,23.0,0,0,0,0,33.0,0.0,0.123745819397993,None,HOUSE TYRELL,Olenna Tyrell,0,,0,0,894,572,9,0,0,1,1,Other,27.0,Leona Tyrell,0.0,0.0,0.0,0.0,0.0,0.0,0.0,0.0,0.0,0.0,0.0,0.0,0.0,1.0,0.0,0.0,0.0,0.0,0.0,0.0,0.0,0.0,0.0,0.0,0.0,0.0,0.0,0.0,0.0,0.0,0.0,0.0,0.0,0.0,0.0,0.0,0.0,0.0,0.0,1.0,0.0,0.0,0.0,0.0,0.0,0.0,0.0,0.0,0.0,0.0,1.0
55,Loras Tyrell,0,1,1,1,1,1,1,,,,,0.0,1,1.0,1.0,,18.0,0,0,0,0,23.0,2.0,0.665551839464882,The R,HOUSE TYRELL,Loras Tyrell,1,6.0,313,570,431,234,14,1,1,1,1,Other,27.0,Loras Tyrell,0.0,0.0,0.0,0.0,0.0,0.0,0.0,0.0,0.0,0.0,0.0,0.0,0.0,0.0,0.0,0.0,0.0,0.0,0.0,0.0,1.0,0.0,0.0,0.0,0.0,0.0,0.0,0.0,0.0,0.0,0.0,0.0,0.0,0.0,0.0,0.0,0.0,0.0,0.0,1.0,0.0,0.0,0.0,0.0,0.0,0.0,0.0,0.0,0.0,0.0,1.0
56,Lysa Arryn,1,0,0,0,0,0,0,,,,0.0,1.0,1,1.0,0.0,,23.0,0,0,0,1,34.0,5.0,0.0,None,HOUSE TULLY,Lysa Arryn (Tully),1,4.0,423,0,0,591,6,1,0,0,1,Other,27.0,Lysa Arryn,0.0,0.0,0.0,0.0,0.0,0.0,0.0,0.0,0.0,0.0,0.0,0.0,0.0,1.0,0.0,0.0,0.0,0.0,0.0,0.0,0.0,0.0,0.0,0.0,0.0,0.0,0.0,0.0,0.0,0.0,0.0,0.0,0.0,0.0,0.0,0.0,0.0,0.0,1.0,0.0,0.0,0.0,0.0,0.0,0.0,0.0,0.0,0.0,0.0,0.0,1.0
57,Mace Tyrell,0,1,1,1,1,1,1,,,,1.0,1.0,1,1.0,1.0,,62.0,0,0,0,1,49.0,1.0,0.856187290969899,None,HOUSE TYRELL,Mace Tyrell,0,,0,0,0,545,4,0,0,0,1,Other,27.0,Mace Tyrell,0.0,0.0,0.0,0.0,0.0,0.0,0.0,0.0,0.0,0.0,0.0,0.0,0.0,1.0,0.0,0.0,0.0,0.0,0.0,0.0,0.0,0.0,0.0,0.0,0.0,0.0,0.0,0.0,0.0,0.0,0.0,0.0,0.0,0.0,0.0,0.0,0.0,0.0,0.0,1.0,0.0,0.0,0.0,0.0,0.0,0.0,0.0,0.0,0.0,0.0,1.0
58,Mance Rayder,0,1,0,0,1,0,1,,,,,0.0,0,0.0,1.0,,15.0,0,0,0,0,33.0,0.0,0.709030100334448,Free ,OTHER,Mance Rayder,1,5.0,0,0,382,371,4,0,0,1,1,Nights Watch,27.0,Mance Rayder,0.0,0.0,0.0,0.0,0.0,1.0,0.0,0.0,0.0,0.0,0.0,0.0,0.0,0.0,0.0,0.0,0.0,0.0,0.0,0.0,0.0,0.0,0.0,0.0,0.0,0.0,0.0,0.0,0.0,0.0,0.0,0.0,0.0,0.0,0.0,0.0,0.0,0.0,0.0,0.0,0.0,1.0,0.0,0.0,0.0,0.0,0.0,0.0,1.0,0.0,0.0
59,Margaery Tyrell,0,0,0,1,1,1,0,,,,0.0,1.0,1,1.0,1.0,,22.0,0,0,0,1,22.0,3.0,1.0,Reach,HOUSE TYRELL,Margaery Tyrell,1,6.0,0,600,1371,1230,16,0,1,1,1,Other,27.0,Margaery Tyrell,0.0,0.0,0.0,0.0,0.0,0.0,0.0,0.0,0.0,0.0,0.0,0.0,0.0,0.0,0.0,0.0,0.0,1.0,0.0,0.0,0.0,0.0,0.0,0.0,0.0,0.0,0.0,0.0,0.0,0.0,0.0,0.0,0.0,0.0,0.0,0.0,0.0,0.0,0.0,1.0,0.0,0.0,0.0,0.0,0.0,0.0,0.0,0.0,0.0,0.0,1.0
60,Maron Greyjoy,1,1,1,1,1,1,1,,,,,0.0,0,1.0,0.0,,23.0,0,0,0,0,14.0,4.0,0.140468227424749,Ironb,HOUSE GREYJOY,Yara Greyjoy,0,,0,560,150,144,6,0,1,1,1,House Greyjoy,27.0,Maron Greyjoy,0.0,0.0,0.0,0.0,0.0,0.0,0.0,1.0,0.0,0.0,0.0,0.0,0.0,0.0,0.0,0.0,0.0,0.0,0.0,0.0,0.0,0.0,0.0,0.0,0.0,0.0,0.0,0.0,0.0,0.0,0.0,0.0,0.0,1.0,0.0,0.0,0.0,0.0,0.0,0.0,0.0,0.0,0.0,0.0,1.0,0.0,0.0,0.0,0.0,0.0,0.0
61,Matthos Seaworth,1,1,0,1,1,1,1,,,,,0.0,0,0.0,0.0,2.0,10.0,0,0,0,0,33.0,0.0,0.0769230769230769,None,OTHER,Matthos Seaworth,1,2.0,0,507,0,0,4,0,1,0,0,House Baratheon,27.0,Matthos Seaworth,0.0,0.0,0.0,0.0,0.0,0.0,0.0,0.0,0.0,0.0,0.0,0.0,0.0,1.0,0.0,0.0,0.0,0.0,0.0,0.0,0.0,0.0,0.0,0.0,0.0,0.0,0.0,0.0,0.0,0.0,0.0,0.0,0.0,0.0,0.0,0.0,0.0,0.0,0.0,0.0,0.0,1.0,0.0,0.0,0.0,0.0,0.0,0.0,0.0,0.0,0.0
62,Meera Reed,0,0,0,1,1,1,1,,,,,0.0,0,0.0,0.0,,21.0,0,0,0,0,22.0,0.0,0.270903010033444,Crann,OTHER,Meera Reed,0,,0,0,624,643,10,0,0,1,1,Other,27.0,Meera Reed,0.0,0.0,1.0,0.0,0.0,0.0,0.0,0.0,0.0,0.0,0.0,0.0,0.0,0.0,0.0,0.0,0.0,0.0,0.0,0.0,0.0,0.0,0.0,0.0,0.0,0.0,0.0,0.0,0.0,0.0,0.0,0.0,0.0,0.0,0.0,0.0,0.0,0.0,0.0,0.0,0.0,1.0,0.0,0.0,0.0,0.0,0.0,0.0,0.0,0.0,1.0
63,Melisandre,0,0,0,1,1,1,1,,,,,0.0,0,0.0,1.0,,0.0,0,0,0,0,33.0,0.0,0.745819397993311,Assha,OTHER,Melisandre,0,,0,761,1181,327,13,0,1,1,1,House Baratheon,27.0,Melisandre,0.0,0.0,0.0,0.0,0.0,0.0,0.0,0.0,0.0,0.0,0.0,0.0,0.0,0.0,0.0,0.0,0.0,0.0,0.0,0.0,0.0,0.0,0.0,0.0,0.0,0.0,0.0,0.0,0.0,0.0,0.0,0.0,0.0,0.0,0.0,0.0,0.0,0.0,0.0,0.0,0.0,1.0,0.0,0.0,0.0,0.0,0.0,0.0,0.0,0.0,0.0
64,Meryn Trant,0,1,1,1,1,1,1,,,,,0.0,1,0.0,0.0,,8.0,0,0,0,0,33.0,0.0,0.220735785953177,None,OTHER,Meryn Trant,1,5.0,334,285,115,106,12,1,1,1,1,Other,27.0,Meryn Trant,0.0,0.0,0.0,0.0,0.0,0.0,0.0,0.0,0.0,0.0,0.0,0.0,0.0,1.0,0.0,0.0,0.0,0.0,0.0,0.0,0.0,0.0,0.0,0.0,0.0,0.0,0.0,0.0,0.0,0.0,0.0,0.0,0.0,0.0,0.0,0.0,0.0,0.0,0.0,0.0,0.0,1.0,0.0,0.0,0.0,0.0,0.0,0.0,0.0,0.0,1.0
65,Mirri Maz Duur,1,0,1,1,1,1,1,,,,,0.0,1,0.0,0.0,1.0,61.0,0,0,0,0,42.0,0.0,0.1438127090301,Lhaza,OTHER,Mirri maz Duur,1,1.0,535,0,0,0,3,1,0,0,0,None,27.0,Mirri Maz Duur,0.0,0.0,0.0,0.0,0.0,0.0,0.0,0.0,0.0,1.0,0.0,0.0,0.0,0.0,0.0,0.0,0.0,0.0,0.0,0.0,0.0,0.0,0.0,0.0,0.0,0.0,0.0,0.0,0.0,0.0,0.0,0.0,0.0,0.0,0.0,0.0,0.0,0.0,0.0,0.0,0.0,1.0,0.0,0.0,0.0,0.0,0.0,0.0,0.0,1.0,0.0
66,Missandei,0,0,0,0,1,1,1,,,,,0.0,0,0.0,0.0,,23.0,0,0,0,0,17.0,0.0,0.17391304347826,Naath,HOUSE TARGARYEN,Missandei,0,,0,0,699,751,16,0,0,1,1,House Targaryen,27.0,Missandei,0.0,0.0,0.0,0.0,0.0,0.0,0.0,0.0,0.0,0.0,0.0,0.0,1.0,0.0,0.0,0.0,0.0,0.0,0.0,0.0,0.0,0.0,0.0,0.0,0.0,0.0,0.0,0.0,0.0,0.0,0.0,0.0,0.0,0.0,0.0,0.0,0.0,1.0,0.0,0.0,0.0,0.0,0.0,0.0,0.0,0.0,0.0,1.0,0.0,0.0,0.0
67,Mordane,1,0,1,1,1,0,0,,,,,0.0,0,0.0,0.0,1.0,7.0,0,0,0,0,33.0,0.0,0.103678929765886,None,HOUSE STARK,Septa Mordane,1,1.0,381,0,0,0,7,1,0,0,0,Other,27.0,Mordane,0.0,0.0,0.0,0.0,0.0,0.0,0.0,0.0,0.0,0.0,0.0,0.0,0.0,1.0,0.0,0.0,0.0,0.0,0.0,0.0,0.0,0.0,0.0,0.0,0.0,0.0,0.0,0.0,0.0,0.0,0.0,0.0,0.0,0.0,0.0,0.0,1.0,0.0,0.0,0.0,0.0,0.0,0.0,0.0,0.0,0.0,0.0,0.0,0.0,0.0,1.0
68,Myrcella Baratheon,0,0,1,1,0,1,0,,,,,0.0,1,1.0,1.0,,5.0,0,0,0,0,15.0,5.0,0.561872909698996,None,OTHER,Myrcella Baratheon,1,5.0,108,165,0,0,8,1,1,0,0,Other,27.0,Myrcella Baratheon,0.0,0.0,0.0,0.0,0.0,0.0,0.0,0.0,0.0,0.0,0.0,0.0,0.0,1.0,0.0,0.0,0.0,0.0,0.0,0.0,0.0,0.0,0.0,0.0,0.0,0.0,0.0,0.0,0.0,0.0,0.0,0.0,0.0,0.0,0.0,0.0,0.0,0.0,0.0,0.0,0.0,1.0,0.0,0.0,0.0,0.0,0.0,0.0,0.0,0.0,1.0
69,Oberyn Martell,1,1,1,1,1,1,1,,,,,0.0,1,1.0,1.0,3.0,38.0,0,0,0,0,43.0,5.0,0.77257525083612,Dorni,HOUSE MARTELL,Oberyn Martell,1,4.0,0,0,0,1807,7,0,0,0,1,Other,27.0,Oberyn Martell,0.0,0.0,0.0,1.0,0.0,0.0,0.0,0.0,0.0,0.0,0.0,0.0,0.0,0.0,0.0,0.0,0.0,0.0,0.0,0.0,0.0,0.0,0.0,0.0,0.0,0.0,0.0,0.0,0.0,0.0,0.0,0.0,0.0,0.0,0.0,1.0,0.0,0.0,0.0,0.0,0.0,0.0,0.0,0.0,0.0,0.0,0.0,0.0,0.0,0.0,1.0
70,Olyvar Frey,0,1,1,1,1,1,1,,,,,0.0,0,1.0,0.0,,59.0,0,0,0,0,24.0,1.0,0.0836120401337792,None,HOUSE FREY,Olyvar,0,,0,0,76,280,3,0,0,1,1,Other,27.0,Olyvar Frey,0.0,0.0,0.0,0.0,0.0,0.0,0.0,0.0,0.0,0.0,0.0,0.0,0.0,1.0,0.0,0.0,0.0,0.0,0.0,0.0,0.0,0.0,0.0,0.0,0.0,0.0,0.0,0.0,0.0,0.0,0.0,0.0,1.0,0.0,0.0,0.0,0.0,0.0,0.0,0.0,0.0,0.0,0.0,0.0,0.0,0.0,0.0,0.0,0.0,0.0,1.0
71,Orell,1,1,0,1,1,1,1,,,,,0.0,0,0.0,0.0,2.0,51.0,0,0,0,0,33.0,0.0,0.0802675585284281,Free ,OTHER,Orell,1,3.0,0,0,642,0,6,0,0,1,0,Other,27.0,Orell,0.0,0.0,0.0,0.0,0.0,1.0,0.0,0.0,0.0,0.0,0.0,0.0,0.0,0.0,0.0,0.0,0.0,0.0,0.0,0.0,0.0,0.0,0.0,0.0,0.0,0.0,0.0,0.0,0.0,0.0,0.0,0.0,0.0,0.0,0.0,0.0,0.0,0.0,0.0,0.0,0.0,1.0,0.0,0.0,0.0,0.0,0.0,0.0,0.0,0.0,1.0
72,Osha,0,1,1,1,1,1,1,,,,,0.0,0,0.0,0.0,,37.0,0,0,0,0,33.0,0.0,0.250836120401337,Free ,HOUSE STARK,Osha,1,6.0,487,656,670,0,14,1,1,1,0,House Stark,27.0,Osha,0.0,0.0,0.0,0.0,0.0,1.0,0.0,0.0,0.0,0.0,0.0,0.0,0.0,0.0,0.0,0.0,0.0,0.0,0.0,0.0,0.0,0.0,0.0,0.0,0.0,0.0,0.0,0.0,0.0,0.0,0.0,0.0,0.0,0.0,0.0,0.0,1.0,0.0,0.0,0.0,0.0,0.0,0.0,0.0,0.0,0.0,1.0,0.0,0.0,0.0,0.0
73,Petyr Baelish,0,1,1,1,1,1,1,,,,0.0,1.0,1,1.0,1.0,,18.0,0,0,0,1,37.0,5.0,1.0,Valem,HOUSE BAELISH,Petyr Baelish,0,,1733,1251,616,1167,24,1,1,1,1,Other,27.0,Petyr Baelish,0.0,0.0,0.0,0.0,0.0,0.0,0.0,0.0,0.0,0.0,0.0,0.0,0.0,0.0,0.0,0.0,0.0,0.0,0.0,0.0,0.0,0.0,1.0,0.0,0.0,0.0,0.0,0.0,1.0,0.0,0.0,0.0,0.0,0.0,0.0,0.0,0.0,0.0,0.0,0.0,0.0,0.0,0.0,0.0,0.0,0.0,0.0,0.0,0.0,0.0,1.0
74,Podrick Payne,0,1,1,1,1,1,1,,,,,0.0,0,0.0,0.0,,62.0,0,0,0,0,19.0,0.0,0.290969899665551,None,OTHER,Podrick Payne,0,,0,352,407,1064,17,0,1,1,1,House Lannister,27.0,Podrick Payne,0.0,0.0,0.0,0.0,0.0,0.0,0.0,0.0,0.0,0.0,0.0,0.0,0.0,1.0,0.0,0.0,0.0,0.0,0.0,0.0,0.0,0.0,0.0,0.0,0.0,0.0,0.0,0.0,0.0,0.0,0.0,0.0,0.0,0.0,0.0,0.0,0.0,0.0,0.0,0.0,0.0,1.0,0.0,0.0,0.0,1.0,0.0,0.0,0.0,0.0,0.0
75,Polliver,1,1,0,1,1,1,0,,,,,0.0,1,0.0,0.0,3.0,26.0,0,0,0,0,33.0,0.0,0.0769230769230769,None,HOUSE CLEGANE,Polliver,1,4.0,0,178,0,310,3,0,1,0,1,House Lannister,27.0,Polliver,0.0,0.0,0.0,0.0,0.0,0.0,0.0,0.0,0.0,0.0,0.0,0.0,0.0,1.0,0.0,0.0,0.0,0.0,0.0,0.0,0.0,0.0,0.0,0.0,0.0,0.0,0.0,0.0,0.0,0.0,0.0,1.0,0.0,0.0,0.0,0.0,0.0,0.0,0.0,0.0,0.0,0.0,0.0,0.0,0.0,1.0,0.0,0.0,0.0,0.0,0.0
76,Pyat Pree,0,0,0,1,1,1,1,,,,,0.0,1,0.0,0.0,,12.0,0,0,0,0,33.0,0.0,0.0969899665551839,None,OTHER,Pyat Pree,1,2.0,0,378,0,0,5,0,1,0,0,Other,27.0,Pyat Pree,0.0,0.0,0.0,0.0,0.0,0.0,0.0,0.0,0.0,0.0,0.0,0.0,0.0,1.0,0.0,0.0,0.0,0.0,0.0,0.0,0.0,0.0,0.0,0.0,0.0,0.0,0.0,0.0,0.0,0.0,0.0,0.0,0.0,0.0,0.0,0.0,0.0,0.0,0.0,0.0,0.0,1.0,0.0,0.0,0.0,0.0,0.0,0.0,0.0,0.0,1.0
77,Pycelle,1,1,1,1,1,1,1,,,,,0.0,1,0.0,1.0,5.0,20.0,0,0,0,0,84.0,0.0,0.638795986622073,None,HOUSE LANNISTER,Pycelle,1,6.0,980,499,239,484,21,1,1,1,1,House Lannister,27.0,Pycelle,0.0,0.0,0.0,0.0,0.0,0.0,0.0,0.0,0.0,0.0,0.0,0.0,0.0,1.0,0.0,0.0,0.0,0.0,0.0,0.0,0.0,0.0,0.0,0.0,0.0,0.0,0.0,0.0,0.0,0.0,0.0,0.0,0.0,0.0,1.0,0.0,0.0,0.0,0.0,0.0,0.0,0.0,0.0,0.0,0.0,1.0,0.0,0.0,0.0,0.0,0.0
78,Pypar,0,1,1,1,1,1,1,,,,,0.0,0,0.0,0.0,,19.0,0,0,0,0,33.0,0.0,0.113712374581939,None,NIGHTS WATCH,Pypar,1,4.0,663,0,25,378,12,1,0,1,1,Nights Watch,27.0,Pypar,0.0,0.0,0.0,0.0,0.0,0.0,0.0,0.0,0.0,0.0,0.0,0.0,0.0,1.0,0.0,0.0,0.0,0.0,0.0,0.0,0.0,0.0,0.0,0.0,0.0,0.0,0.0,0.0,0.0,0.0,0.0,0.0,0.0,0.0,0.0,0.0,0.0,0.0,0.0,0.0,1.0,0.0,0.0,0.0,0.0,0.0,0.0,0.0,1.0,0.0,0.0
79,Qhorin Halfhand,1,1,1,1,1,1,1,,,,,0.0,0,0.0,0.0,2.0,43.0,0,0,0,0,33.0,0.0,0.210702341137123,None,NIGHTS WATCH,Qhorin Halfhand,1,2.0,0,643,0,0,4,0,1,0,0,Nights Watch,27.0,Qhorin Halfhand,0.0,0.0,0.0,0.0,0.0,0.0,0.0,0.0,0.0,0.0,0.0,0.0,0.0,1.0,0.0,0.0,0.0,0.0,0.0,0.0,0.0,0.0,0.0,0.0,0.0,0.0,0.0,0.0,0.0,0.0,0.0,0.0,0.0,0.0,0.0,0.0,0.0,0.0,0.0,0.0,1.0,0.0,0.0,0.0,0.0,0.0,0.0,0.0,1.0,0.0,0.0
80,Qotho,1,1,1,0,0,0,0,,,,,0.0,0,0.0,0.0,1.0,11.0,0,0,0,0,33.0,0.0,0.0635451505016722,Dothr,OTHER,Qotho,1,1.0,515,0,0,0,6,1,0,0,0,Other,27.0,Qotho,0.0,0.0,0.0,0.0,1.0,0.0,0.0,0.0,0.0,0.0,0.0,0.0,0.0,0.0,0.0,0.0,0.0,0.0,0.0,0.0,0.0,0.0,0.0,0.0,0.0,0.0,0.0,0.0,0.0,0.0,0.0,0.0,0.0,0.0,0.0,0.0,0.0,0.0,0.0,0.0,0.0,1.0,0.0,0.0,0.0,0.0,0.0,0.0,0.0,0.0,1.0
81,Qyburn,0,1,0,1,1,1,1,,,,,0.0,1,0.0,1.0,,64.0,0,0,0,0,33.0,0.0,0.535117056856187,None,HOUSE LANNISTER,Qyburn,0,,0,0,436,135,6,0,0,1,1,House Lannister,27.0,Qyburn,0.0,0.0,0.0,0.0,0.0,0.0,0.0,0.0,0.0,0.0,0.0,0.0,0.0,1.0,0.0,0.0,0.0,0.0,0.0,0.0,0.0,0.0,0.0,0.0,0.0,0.0,0.0,0.0,0.0,0.0,0.0,0.0,0.0,0.0,1.0,0.0,0.0,0.0,0.0,0.0,0.0,0.0,0.0,0.0,0.0,1.0,0.0,0.0,0.0,0.0,0.0
82,Rakharo,0,1,1,1,1,1,1,,,,,0.0,0,0.0,0.0,,54.0,0,0,0,0,33.0,0.0,0.183946488294314,Dothr,HOUSE TARGARYEN,Rakharo,1,2.0,817,121,0,0,7,1,1,0,0,Other,27.0,Rakharo,0.0,0.0,0.0,0.0,1.0,0.0,0.0,0.0,0.0,0.0,0.0,0.0,0.0,0.0,0.0,0.0,0.0,0.0,0.0,0.0,0.0,0.0,0.0,0.0,0.0,0.0,0.0,0.0,0.0,0.0,0.0,0.0,0.0,0.0,0.0,0.0,0.0,1.0,0.0,0.0,0.0,0.0,0.0,0.0,0.0,0.0,0.0,0.0,0.0,0.0,1.0
83,Randa,0,0,0,0,1,0,0,,,,,0.0,0,0.0,0.0,3.0,34.0,0,0,0,0,33.0,0.0,0.00334448160535117,None,OTHER,Myranda,1,5.0,0,0,262,81,3,0,0,1,1,House Bolton,27.0,Randa,0.0,0.0,0.0,0.0,0.0,0.0,0.0,0.0,0.0,0.0,0.0,0.0,0.0,1.0,0.0,0.0,0.0,0.0,0.0,0.0,0.0,0.0,0.0,0.0,0.0,0.0,0.0,0.0,0.0,0.0,0.0,0.0,0.0,0.0,0.0,0.0,0.0,0.0,0.0,0.0,0.0,1.0,0.0,1.0,0.0,0.0,0.0,0.0,0.0,0.0,0.0
84,Rast,1,1,1,1,1,0,0,,,,,0.0,0,0.0,0.0,3.0,55.0,0,0,0,0,33.0,0.0,0.0668896321070234,None,NIGHTS WATCH,Rast,1,4.0,447,0,371,344,12,1,0,1,1,Other,27.0,Rast,0.0,0.0,0.0,0.0,0.0,0.0,0.0,0.0,0.0,0.0,0.0,0.0,0.0,1.0,0.0,0.0,0.0,0.0,0.0,0.0,0.0,0.0,0.0,0.0,0.0,0.0,0.0,0.0,0.0,0.0,0.0,0.0,0.0,0.0,0.0,0.0,0.0,0.0,0.0,0.0,1.0,0.0,0.0,0.0,0.0,0.0,0.0,0.0,0.0,0.0,1.0
85,Renly Baratheon,1,1,1,1,1,1,1,,,,1.0,1.0,1,1.0,1.0,2.0,15.0,0,0,0,1,22.0,2.0,1.0,Storm,HOUSE BARATHEON,Renly Baratheon,1,2.0,702,824,0,0,8,1,1,0,0,House Baratheon,27.0,Renly Baratheon,0.0,0.0,0.0,0.0,0.0,0.0,0.0,0.0,0.0,0.0,0.0,0.0,0.0,0.0,0.0,0.0,0.0,0.0,0.0,1.0,0.0,0.0,0.0,0.0,0.0,0.0,0.0,0.0,0.0,1.0,0.0,0.0,0.0,0.0,0.0,0.0,0.0,0.0,0.0,0.0,0.0,0.0,0.0,0.0,0.0,0.0,0.0,0.0,0.0,0.0,0.0
86,Rickard Karstark,1,1,1,1,1,1,1,,,,,0.0,1,1.0,0.0,3.0,53.0,0,0,0,0,33.0,1.0,0.23076923076923,North,OTHER,Rickard Karstark,1,3.0,39,178,203,0,6,1,1,1,0,House Stark,27.0,Rickard Karstark,0.0,0.0,0.0,0.0,0.0,0.0,0.0,0.0,0.0,0.0,0.0,0.0,0.0,0.0,1.0,0.0,0.0,0.0,0.0,0.0,0.0,0.0,0.0,0.0,0.0,0.0,0.0,0.0,0.0,0.0,0.0,0.0,0.0,0.0,0.0,0.0,0.0,0.0,0.0,0.0,0.0,1.0,0.0,0.0,0.0,0.0,1.0,0.0,0.0,0.0,0.0
87,Rickon Stark,0,1,1,1,1,1,1,,,,,0.0,1,1.0,1.0,,7.0,0,0,0,0,10.0,8.0,0.551839464882943,North,HOUSE STARK,Rickon Stark,1,6.0,105,278,303,0,12,1,1,1,0,House Stark,27.0,Rickon Stark,0.0,0.0,0.0,0.0,0.0,0.0,0.0,0.0,0.0,0.0,0.0,0.0,0.0,0.0,1.0,0.0,0.0,0.0,0.0,0.0,0.0,0.0,0.0,0.0,0.0,0.0,0.0,0.0,0.0,0.0,0.0,0.0,0.0,0.0,0.0,0.0,1.0,0.0,0.0,0.0,0.0,0.0,0.0,0.0,0.0,0.0,1.0,0.0,0.0,0.0,0.0
88,Robb Stark,1,1,1,1,1,0,0,0.0,0.0,1.0,,0.0,1,1.0,1.0,3.0,1.0,1,1,1,0,33.0,7.0,1.0,North,HOUSE STARK,Robb Stark,1,3.0,1698,1814,1720,0,22,1,1,1,0,House Stark,19.0,Robb Stark,0.0,0.0,0.0,0.0,0.0,0.0,0.0,0.0,0.0,0.0,0.0,0.0,0.0,0.0,1.0,0.0,0.0,0.0,0.0,0.0,0.0,0.0,0.0,0.0,0.0,0.0,0.0,0.0,0.0,0.0,0.0,0.0,0.0,0.0,0.0,0.0,1.0,0.0,0.0,0.0,0.0,0.0,0.0,0.0,0.0,0.0,1.0,0.0,0.0,0.0,0.0
89,Robert Baratheon,1,1,1,0,0,0,0,,,,,,1,0.0,1.0,1.0,4.0,0,0,0,0,33.0,1.0,0.0,None,OTHER,Robert Baratheon,1,1.0,1778,0,0,0,7,1,0,0,0,House Baratheon,27.0,Robert Baratheon,0.0,0.0,0.0,0.0,0.0,0.0,0.0,0.0,0.0,0.0,0.0,0.0,0.0,1.0,0.0,0.0,0.0,0.0,0.0,0.0,0.0,0.0,0.0,0.0,0.0,0.0,0.0,0.0,0.0,0.0,0.0,0.0,0.0,0.0,0.0,0.0,0.0,0.0,0.0,0.0,0.0,1.0,0.0,0.0,0.0,0.0,0.0,0.0,0.0,0.0,0.0
90,Rodrik Cassel,1,1,1,1,1,1,1,,,,,0.0,1,1.0,1.0,2.0,7.0,0,0,0,0,33.0,1.0,0.397993311036789,North,OTHER,Rodrik Cassel,1,2.0,853,153,0,0,12,1,1,0,0,House Stark,27.0,Rodrik Cassel,0.0,0.0,0.0,0.0,0.0,0.0,0.0,0.0,0.0,0.0,0.0,0.0,0.0,0.0,1.0,0.0,0.0,0.0,0.0,0.0,0.0,0.0,0.0,0.0,0.0,0.0,0.0,0.0,0.0,0.0,0.0,0.0,0.0,0.0,0.0,0.0,0.0,0.0,0.0,0.0,0.0,1.0,0.0,0.0,0.0,0.0,1.0,0.0,0.0,0.0,0.0
91,Roose Bolton,0,1,1,1,1,1,1,,,,1.0,1.0,1,1.0,1.0,,33.0,0,0,0,1,45.0,1.0,0.979933110367893,North,HOUSE BOLTON,Ramsay Bolton,1,6.0,0,0,823,833,9,0,0,1,1,House Bolton,27.0,Roose Bolton,0.0,0.0,0.0,0.0,0.0,0.0,0.0,0.0,0.0,0.0,0.0,0.0,0.0,0.0,1.0,0.0,0.0,0.0,0.0,0.0,0.0,0.0,0.0,0.0,0.0,0.0,0.0,0.0,0.0,0.0,1.0,0.0,0.0,0.0,0.0,0.0,0.0,0.0,0.0,0.0,0.0,0.0,0.0,1.0,0.0,0.0,0.0,0.0,0.0,0.0,0.0
92,Rorge,1,1,0,1,1,1,0,,,,,0.0,0,0.0,0.0,4.0,1.0,0,0,0,0,33.0,0.0,0.167224080267558,None,BRAVE COMPANIONS,Rorge,1,4.0,17,97,0,29,5,1,1,0,1,House Lannister,27.0,Rorge,0.0,0.0,0.0,0.0,0.0,0.0,0.0,0.0,0.0,0.0,0.0,0.0,0.0,1.0,0.0,0.0,0.0,0.0,0.0,0.0,0.0,0.0,0.0,0.0,0.0,0.0,0.0,0.0,0.0,0.0,0.0,0.0,0.0,0.0,0.0,0.0,0.0,0.0,0.0,0.0,0.0,0.0,0.0,0.0,0.0,1.0,0.0,0.0,0.0,0.0,0.0
93,Rosey,0,0,0,0,0,1,0,,,,,0.0,0,0.0,0.0,,23.0,0,0,0,0,21.0,0.0,0.0301003344481605,None,UNKNOWN,Ros,1,3.0,500,622,210,0,15,1,1,1,0,Other,27.0,Rosey,0.0,0.0,0.0,0.0,0.0,0.0,0.0,0.0,0.0,0.0,0.0,0.0,0.0,1.0,0.0,0.0,0.0,0.0,0.0,0.0,0.0,0.0,0.0,0.0,0.0,0.0,0.0,0.0,0.0,0.0,0.0,0.0,0.0,0.0,0.0,0.0,0.0,0.0,0.0,0.0,0.0,0.0,1.0,0.0,0.0,0.0,0.0,0.0,0.0,0.0,1.0
94,Salladhor Saan,0,1,0,1,1,1,1,,,,,0.0,1,0.0,0.0,,0.0,0,0,0,0,33.0,0.0,0.187290969899665,Lysen,OTHER,Salladhor Saan,0,,0,181,134,97,3,0,1,1,1,House Baratheon,27.0,Salladhor Saan,0.0,0.0,0.0,0.0,0.0,0.0,0.0,0.0,0.0,0.0,1.0,0.0,0.0,0.0,0.0,0.0,0.0,0.0,0.0,0.0,0.0,0.0,0.0,0.0,0.0,0.0,0.0,0.0,0.0,0.0,0.0,0.0,0.0,0.0,0.0,0.0,0.0,0.0,0.0,0.0,0.0,1.0,0.0,0.0,0.0,0.0,0.0,0.0,0.0,0.0,0.0
95,Samwell Tarly,0,1,1,1,0,0,1,,,,,0.0,0,0.0,1.0,,70.0,0,0,0,0,22.0,0.0,0.969899665551839,Weste,NIGHTS WATCH,Samwell Tarly,0,,1344,725,1637,1504,26,1,1,1,1,Nights Watch,22.0,Samwell Tarly,0.0,0.0,0.0,0.0,0.0,0.0,0.0,0.0,0.0,0.0,0.0,0.0,0.0,0.0,0.0,0.0,0.0,0.0,0.0,0.0,0.0,0.0,0.0,0.0,1.0,0.0,0.0,0.0,0.0,0.0,0.0,0.0,0.0,0.0,0.0,0.0,0.0,0.0,0.0,0.0,1.0,0.0,0.0,0.0,0.0,0.0,0.0,0.0,1.0,0.0,0.0
96,Sandor Clegane,1,1,1,1,1,1,1,,,,,0.0,0,1.0,1.0,4.0,7.0,0,0,0,0,30.0,1.0,0.695652173913043,None,HOUSE CLEGANE,Sandor Clegane,0,,562,797,984,1763,27,1,1,1,1,House Baratheon,27.0,Sandor Clegane,0.0,0.0,0.0,0.0,0.0,0.0,0.0,0.0,0.0,0.0,0.0,0.0,0.0,1.0,0.0,0.0,0.0,0.0,0.0,0.0,0.0,0.0,0.0,0.0,0.0,0.0,0.0,0.0,0.0,0.0,0.0,1.0,0.0,0.0,0.0,0.0,0.0,0.0,0.0,0.0,0.0,0.0,0.0,0.0,0.0,0.0,0.0,0.0,0.0,0.0,0.0
97,Sansa Stark,0,0,1,1,1,1,1,,,,1.0,1.0,1,1.0,1.0,,7.0,0,0,0,1,19.0,10.0,1.0,North,HOUSE STARK,Sansa Stark,0,,1580,1695,1867,2143,31,1,1,1,1,Other,17.0,Sansa Stark,0.0,0.0,0.0,0.0,0.0,0.0,0.0,0.0,0.0,0.0,0.0,0.0,0.0,0.0,1.0,0.0,0.0,0.0,0.0,0.0,0.0,0.0,0.0,0.0,0.0,0.0,0.0,0.0,0.0,0.0,0.0,0.0,0.0,0.0,0.0,0.0,1.0,0.0,0.0,0.0,0.0,0.0,0.0,0.0,0.0,0.0,0.0,0.0,0.0,0.0,1.0
98,Shae,1,0,1,1,1,1,1,,,,,0.0,0,0.0,0.0,3.0,62.0,0,0,0,0,20.0,0.0,0.290969899665551,None,OTHER,Shae,1,4.0,520,1042,883,555,20,1,1,1,1,None,27.0,Shae,0.0,0.0,0.0,0.0,0.0,0.0,0.0,0.0,0.0,0.0,0.0,0.0,0.0,1.0,0.0,0.0,0.0,0.0,0.0,0.0,0.0,0.0,0.0,0.0,0.0,0.0,0.0,0.0,0.0,0.0,0.0,0.0,0.0,0.0,0.0,0.0,0.0,0.0,0.0,0.0,0.0,1.0,0.0,0.0,0.0,0.0,0.0,0.0,0.0,1.0,0.0
99,Shireen Baratheon,0,0,1,1,1,1,1,,,,,0.0,1,1.0,0.0,,0.0,0,0,0,0,16.0,4.0,0.23076923076923,None,OTHER,Shireen Baratheon,1,5.0,0,0,242,164,5,0,0,1,1,House Baratheon,27.0,Shireen Baratheon,0.0,0.0,0.0,0.0,0.0,0.0,0.0,0.0,0.0,0.0,0.0,0.0,0.0,1.0,0.0,0.0,0.0,0.0,0.0,0.0,0.0,0.0,0.0,0.0,0.0,0.0,0.0,0.0,0.0,0.0,0.0,0.0,0.0,0.0,0.0,0.0,0.0,0.0,0.0,0.0,0.0,1.0,0.0,0.0,0.0,0.0,0.0,0.0,0.0,0.0,0.0
100,Stannis Baratheon,0,1,0,1,1,0,1,0.0,0.0,1.0,,0.0,0,1.0,1.0,,23.0,1,1,1,0,33.0,4.0,1.0,None,HOUSE BARATHEON,Stannis Baratheon,1,5.0,0,1199,1006,591,16,0,1,1,1,House Baratheon,27.0,Stannis Baratheon,0.0,0.0,0.0,0.0,0.0,0.0,0.0,0.0,0.0,0.0,0.0,0.0,0.0,1.0,0.0,0.0,0.0,0.0,0.0,0.0,0.0,0.0,0.0,0.0,0.0,0.0,0.0,0.0,0.0,1.0,0.0,0.0,0.0,0.0,0.0,0.0,0.0,0.0,0.0,0.0,0.0,0.0,0.0,0.0,0.0,0.0,0.0,0.0,0.0,0.0,0.0
101,Syrio Forel,1,0,1,1,1,1,1,,,,,0.0,0,0.0,0.0,1.0,22.0,0,0,0,0,33.0,0.0,0.120401337792642,Braav,HOUSE STARK,Syrio Forel,1,1.0,375,0,0,0,3,1,0,0,0,House Stark,27.0,Syrio Forel,0.0,1.0,0.0,0.0,0.0,0.0,0.0,0.0,0.0,0.0,0.0,0.0,0.0,0.0,0.0,0.0,0.0,0.0,0.0,0.0,0.0,0.0,0.0,0.0,0.0,0.0,0.0,0.0,0.0,0.0,0.0,0.0,0.0,0.0,0.0,0.0,1.0,0.0,0.0,0.0,0.0,0.0,0.0,0.0,0.0,0.0,1.0,0.0,0.0,0.0,0.0
102,Taena of Myr,0,0,0,0,1,1,1,,,,1.0,1.0,0,0.0,0.0,,6.0,0,0,0,1,29.0,0.0,0.113712374581939,Myris,OTHER,Thoros of Myr,0,,0,0,935,0,6,0,0,1,0,Other,27.0,Taena of Myr,0.0,0.0,0.0,0.0,0.0,0.0,0.0,0.0,0.0,0.0,0.0,1.0,0.0,0.0,0.0,0.0,0.0,0.0,0.0,0.0,0.0,0.0,0.0,0.0,0.0,0.0,0.0,0.0,0.0,0.0,0.0,0.0,0.0,0.0,0.0,0.0,0.0,0.0,0.0,0.0,0.0,1.0,0.0,0.0,0.0,0.0,0.0,0.0,0.0,0.0,1.0
103,Theon Greyjoy,0,1,1,1,1,1,1,,,,,0.0,1,1.0,1.0,,1.0,0,0,0,0,27.0,4.0,1.0,Ironm,HOUSE GREYJOY,Theon Greyjoy,0,,1162,2508,1381,734,26,1,1,1,1,House Greyjoy,27.0,Theon Greyjoy,0.0,0.0,0.0,0.0,0.0,0.0,0.0,0.0,1.0,0.0,0.0,0.0,0.0,0.0,0.0,0.0,0.0,0.0,0.0,0.0,0.0,0.0,0.0,0.0,0.0,0.0,0.0,0.0,0.0,0.0,0.0,0.0,0.0,1.0,0.0,0.0,0.0,0.0,0.0,0.0,0.0,0.0,0.0,0.0,1.0,0.0,0.0,0.0,0.0,0.0,0.0
104,Theon Stark,0,1,0,0,0,0,0,,,,,0.0,0,0.0,0.0,,23.0,0,0,0,0,33.0,0.0,0.0568561872909698,North,UNKNOWN,Styr of Thenn,1,4.0,0,0,0,384,4,0,0,0,1,Other,27.0,Theon Stark,0.0,0.0,0.0,0.0,0.0,0.0,0.0,0.0,0.0,0.0,0.0,0.0,0.0,0.0,1.0,0.0,0.0,0.0,0.0,0.0,0.0,0.0,0.0,0.0,0.0,0.0,0.0,0.0,0.0,0.0,0.0,0.0,0.0,0.0,0.0,0.0,0.0,0.0,0.0,0.0,0.0,0.0,1.0,0.0,0.0,0.0,0.0,0.0,0.0,0.0,1.0
105,Tommen Baratheon,0,1,1,1,1,1,1,1.0,1.0,1.0,,0.0,1,1.0,1.0,,23.0,1,1,1,0,33.0,5.0,1.0,None,HOUSE BARATHEON,Tommen Baratheon,1,6.0,106,340,0,870,13,1,1,0,1,House Baratheon,27.0,Tommen Baratheon,0.0,0.0,0.0,0.0,0.0,0.0,0.0,0.0,0.0,0.0,0.0,0.0,0.0,1.0,0.0,0.0,0.0,0.0,0.0,0.0,0.0,0.0,0.0,0.0,0.0,0.0,0.0,0.0,0.0,1.0,0.0,0.0,0.0,0.0,0.0,0.0,0.0,0.0,0.0,0.0,0.0,0.0,0.0,0.0,0.0,0.0,0.0,0.0,0.0,0.0,0.0
106,Tycho Nestoris,0,1,0,0,0,0,1,,,,,0.0,0,0.0,0.0,,44.0,0,0,0,0,33.0,0.0,0.0869565217391304,Braav,OTHER,Tycho Nestoris,0,,0,0,0,135,1,0,0,0,1,Other,27.0,Tycho Nestoris,0.0,1.0,0.0,0.0,0.0,0.0,0.0,0.0,0.0,0.0,0.0,0.0,0.0,0.0,0.0,0.0,0.0,0.0,0.0,0.0,0.0,0.0,0.0,0.0,0.0,0.0,0.0,0.0,0.0,0.0,0.0,0.0,0.0,0.0,0.0,0.0,0.0,0.0,0.0,0.0,0.0,1.0,0.0,0.0,0.0,0.0,0.0,0.0,0.0,0.0,1.0
107,Tyrion Lannister,0,1,1,1,1,1,1,,,,1.0,1.0,1,1.0,1.0,,4.0,0,0,0,1,32.0,12.0,1.0,None,HOUSE LANNISTER,Tyrion Lannister,0,,3168,3864,2943,3384,36,1,1,1,1,House Targaryen,37.0,Tyrion Lannister,0.0,0.0,0.0,0.0,0.0,0.0,0.0,0.0,0.0,0.0,0.0,0.0,0.0,1.0,0.0,0.0,0.0,0.0,0.0,0.0,0.0,0.0,0.0,0.0,0.0,0.0,0.0,0.0,0.0,0.0,0.0,0.0,0.0,0.0,1.0,0.0,0.0,0.0,0.0,0.0,0.0,0.0,0.0,0.0,0.0,0.0,0.0,1.0,0.0,0.0,0.0
108,Tywin Lannister,1,1,1,1,1,0,0,,,,0.0,1.0,1,1.0,1.0,3.0,42.0,0,0,0,1,58.0,5.0,1.0,None,HOUSE LANNISTER,Tywin Lannister,1,4.0,565,1037,1377,1991,26,1,1,1,1,House Lannister,67.0,Tywin Lannister,0.0,0.0,0.0,0.0,0.0,0.0,0.0,0.0,0.0,0.0,0.0,0.0,0.0,1.0,0.0,0.0,0.0,0.0,0.0,0.0,0.0,0.0,0.0,0.0,0.0,0.0,0.0,0.0,0.0,0.0,0.0,0.0,0.0,0.0,1.0,0.0,0.0,0.0,0.0,0.0,0.0,0.0,0.0,0.0,0.0,1.0,0.0,0.0,0.0,0.0,0.0
109,Varys,0,1,1,1,1,1,1,,,,,0.0,1,0.0,1.0,,25.0,0,0,0,0,33.0,0.0,0.899665551839464,None,OTHER,Varys,0,,1367,985,1085,500,24,1,1,1,1,House Targaryen,27.0,Varys,0.0,0.0,0.0,0.0,0.0,0.0,0.0,0.0,0.0,0.0,0.0,0.0,0.0,1.0,0.0,0.0,0.0,0.0,0.0,0.0,0.0,0.0,0.0,0.0,0.0,0.0,0.0,0.0,0.0,0.0,0.0,0.0,0.0,0.0,0.0,0.0,0.0,0.0,0.0,0.0,0.0,1.0,0.0,0.0,0.0,0.0,0.0,1.0,0.0,0.0,0.0
110,Viserys Targaryen,1,1,1,1,1,1,1,,,,,0.0,1,1.0,1.0,1.0,3.0,0,0,0,0,22.0,11.0,0.622073578595317,Valyr,HOUSE TARGARYEN,Viserys Targaryen,1,1.0,1215,0,0,0,5,1,0,0,0,House Targaryen,27.0,Viserys Targaryen,0.0,0.0,0.0,0.0,0.0,0.0,0.0,0.0,0.0,0.0,0.0,0.0,0.0,0.0,0.0,0.0,0.0,0.0,0.0,0.0,0.0,0.0,0.0,1.0,0.0,0.0,0.0,0.0,0.0,0.0,0.0,0.0,0.0,0.0,0.0,0.0,0.0,1.0,0.0,0.0,0.0,0.0,0.0,0.0,0.0,0.0,0.0,1.0,0.0,0.0,0.0
111,Walder Frey,0,1,1,1,1,1,1,,,,1.0,1.0,1,1.0,1.0,,28.0,0,0,0,1,97.0,1.0,0.896321070234113,River,HOUSE FREY,Walder Frey,1,6.0,189,0,557,0,3,1,0,1,0,Other,27.0,Walder Frey,0.0,0.0,0.0,0.0,0.0,0.0,0.0,0.0,0.0,0.0,0.0,0.0,0.0,0.0,0.0,0.0,0.0,0.0,1.0,0.0,0.0,0.0,0.0,0.0,0.0,0.0,0.0,0.0,0.0,0.0,0.0,0.0,1.0,0.0,0.0,0.0,0.0,0.0,0.0,0.0,0.0,0.0,0.0,0.0,0.0,0.0,0.0,0.0,0.0,0.0,1.0
112,Xaro Xhoan Daxos,0,1,0,1,1,1,1,,,,,0.0,0,0.0,0.0,,12.0,0,0,0,0,33.0,0.0,0.244147157190635,Qarth,OTHER,Xaro Xhoan Daxos,0,,0,796,0,0,5,0,1,0,0,Other,27.0,Xaro Xhoan Daxos,0.0,0.0,0.0,0.0,0.0,0.0,0.0,0.0,0.0,0.0,0.0,0.0,0.0,0.0,0.0,0.0,1.0,0.0,0.0,0.0,0.0,0.0,0.0,0.0,0.0,0.0,0.0,0.0,0.0,0.0,0.0,0.0,0.0,0.0,0.0,0.0,0.0,0.0,0.0,0.0,0.0,1.0,0.0,0.0,0.0,0.0,0.0,0.0,0.0,0.0,1.0
113,Ygritte,1,1,0,1,1,1,1,,,,,0.0,0,0.0,0.0,3.0,51.0,0,0,0,0,19.0,0.0,0.244147157190635,Wildl,OTHER,Ygritte,1,4.0,0,983,1592,473,16,0,1,1,1,Other,27.0,Ygritte,0.0,0.0,0.0,0.0,0.0,0.0,0.0,0.0,0.0,0.0,0.0,0.0,0.0,0.0,0.0,0.0,0.0,0.0,0.0,0.0,0.0,0.0,0.0,0.0,0.0,1.0,0.0,0.0,0.0,0.0,0.0,0.0,0.0,0.0,0.0,0.0,0.0,0.0,0.0,0.0,0.0,1.0,0.0,0.0,0.0,0.0,0.0,0.0,0.0,0.0,1.0
114,Yoren,1,0,1,1,1,1,0,,,,,0.0,0,0.0,0.0,2.0,13.0,0,0,0,0,33.0,0.0,0.267558528428093,Weste,NIGHTS WATCH,Yoren,1,2.0,440,328,0,0,7,1,1,0,0,Nights Watch,27.0,Yoren,0.0,0.0,0.0,0.0,0.0,0.0,0.0,0.0,0.0,0.0,0.0,0.0,0.0,0.0,0.0,0.0,0.0,0.0,0.0,0.0,0.0,0.0,0.0,0.0,1.0,0.0,0.0,0.0,0.0,0.0,0.0,0.0,0.0,0.0,0.0,0.0,0.0,0.0,0.0,0.0,1.0,0.0,0.0,0.0,0.0,0.0,0.0,0.0,1.0,0.0,0.0
